{
  "hash": "0def9320",
  "configHash": "3b259bfa",
  "lockfileHash": "4fad2093",
  "browserHash": "bfce89a6",
  "optimized": {
    "@angular/common": {
      "src": "../../../../../../node_modules/@angular/common/fesm2022/common.mjs",
      "file": "@angular_common.js",
      "fileHash": "1e8252eb",
      "needsInterop": false
    },
    "@angular/common/http": {
      "src": "../../../../../../node_modules/@angular/common/fesm2022/http.mjs",
      "file": "@angular_common_http.js",
      "fileHash": "fb90c811",
      "needsInterop": false
    },
    "@angular/core": {
      "src": "../../../../../../node_modules/@angular/core/fesm2022/core.mjs",
      "file": "@angular_core.js",
      "fileHash": "12c746c4",
      "needsInterop": false
    },
    "@angular/platform-browser": {
      "src": "../../../../../../node_modules/@angular/platform-browser/fesm2022/platform-browser.mjs",
      "file": "@angular_platform-browser.js",
      "fileHash": "05347606",
      "needsInterop": false
    },
    "@angular/router": {
      "src": "../../../../../../node_modules/@angular/router/fesm2022/router.mjs",
      "file": "@angular_router.js",
      "fileHash": "abfba440",
      "needsInterop": false
    },
    "zone.js": {
      "src": "../../../../../../node_modules/zone.js/fesm2015/zone.js",
      "file": "zone__js.js",
      "fileHash": "5688f627",
      "needsInterop": true
    },
    "@angular/forms": {
      "src": "../../../../../../node_modules/@angular/forms/fesm2022/forms.mjs",
      "file": "@angular_forms.js",
      "fileHash": "63768ba0",
      "needsInterop": false
    }
  },
  "chunks": {
    "chunk-TPPZKEHJ": {
      "file": "chunk-TPPZKEHJ.js"
    },
    "chunk-XKYOUVPW": {
      "file": "chunk-XKYOUVPW.js"
    },
    "chunk-OFQWMTP5": {
      "file": "chunk-OFQWMTP5.js"
    },
    "chunk-5WZ7CC4M": {
      "file": "chunk-5WZ7CC4M.js"
    },
    "chunk-TFNMS2W4": {
      "file": "chunk-TFNMS2W4.js"
    },
    "chunk-WDMUDEB6": {
      "file": "chunk-WDMUDEB6.js"
    }
  }
}